LOT,OPERATION,OUT_DATE
A5289200,0204,2025-07-10 03:58:23
A5289200,262711,2025-07-10 03:58:31
A5289200,179554,2025-07-10 04:28:59
A5289200,218045,2025-07-10 04:29:05
A5289200,202263,2025-07-10 12:21:15
A5289200,209409,2025-07-10 12:21:15
A5289200,180697,2025-07-10 12:30:35
A5289200,180046,2025-07-10 19:42:32
A5289200,192524,2025-07-10 19:42:32
A5289200,202264,2025-07-11 01:26:15
A5289200,176976,2025-07-16 10:09:42
A5289200,177500,2025-07-16 10:17:24
A5289200,177501,2025-07-16 10:35:06
A5289200,224266,2025-07-16 10:35:06
A5289200,224455,2025-07-16 10:35:06
A5289200,204056,2025-07-16 10:51:26
A5289200,204165,2025-07-16 10:57:48
A5289200,217257,2025-07-16 10:57:48
A5289200,224456,2025-07-16 10:57:48
A5289200,204060,2025-07-16 11:03:17
A5289200,204314,2025-07-16 11:10:22
A5289200,224267,2025-07-16 11:10:22
A5289200,218043,2025-07-16 11:36:09
A5289200,213750,2025-07-16 11:52:23
A5289200,179265,2025-07-16 12:13:28
A5289200,217258,2025-07-16 12:13:28
A5289200,217130,2025-07-16 12:13:29
A5289200,204061,2025-07-16 12:21:03
A5289200,189005,2025-07-16 12:34:18
A5289200,176862,2025-07-16 12:46:29
A5289200,179566,2025-07-16 12:46:29
A5289200,180409,2025-07-16 17:01:14
A5289200,187122,2025-07-16 17:01:15
A5289200,180250,2025-07-16 17:47:52
A5289200,179266,2025-07-16 18:00:15
A5289200,180488,2025-07-16 18:11:35
A5289200,180248,2025-07-17 21:33:51
A5289200,179532,2025-07-17 21:56:30
A5289200,176589,2025-07-17 22:19:20
A5289200,179267,2025-07-17 22:30:56
A5289200,197082,2025-07-17 23:22:26
A5289200,189006,2025-07-17 23:44:28
A5289200,180047,2025-07-19 08:45:18
A5289200,192525,2025-07-19 09:10:28
A5289200,201772,2025-07-19 09:51:56
A5289200,179606,2025-07-19 11:02:03
A5289200,204078,2025-07-19 11:40:31
A5289200,180321,2025-07-19 12:18:00
A5289200,182835,2025-07-19 12:18:00
A5289200,207621,2025-07-19 12:18:00
A5289200,180323,2025-07-19 12:54:43
A5289200,180322,2025-07-19 13:23:22
A5289200,180320,2025-07-19 14:48:34
A5289200,231189,2025-07-19 14:48:48
A5289200,189010,2025-07-19 14:59:40
A5289200,192827,2025-07-20 00:00:57
A5289200,209410,2025-07-20 00:15:53
A5289200,192847,2025-07-20 00:33:19
A5289200,195232,2025-07-20 01:09:13
A5289200,195383,2025-07-20 01:20:37
A5289200,192434,2025-07-20 01:30:38
A5289200,195405,2025-07-20 01:36:16
A5289200,195407,2025-07-20 01:40:36
A5289200,192543,2025-07-20 02:10:25
A5289200,192544,2025-07-20 02:24:23
A5289200,196560,2025-07-20 02:47:49
A5289200,213233,2025-07-20 02:47:49
A5289200,217259,2025-07-20 02:47:49
A5289200,204138,2025-07-20 06:48:12
A5289200,213748,2025-07-20 07:42:59
A5289200,263382,2025-07-20 08:06:12
A5289200,263525,2025-07-20 08:25:20
A5289200,145659,2025-07-20 08:41:24
A5289200,146372,2025-07-20 08:48:26
A5289200,182963,2025-07-20 08:52:31
A5289200,192543,2025-07-20 08:59:49
A5289200,192544,2025-07-20 09:08:45
A5289200,196560,2025-07-20 10:25:31
A5289200,213233,2025-07-20 10:25:31
A5289200,217259,2025-07-20 10:25:31
A5289200,204138,2025-07-20 10:33:02
A5289200,213748,2025-07-20 10:50:25
A5289200,202081,2025-07-20 11:04:05
A5289200,192429,2025-07-20 11:15:08
A5289200,217131,2025-07-20 11:15:08
A5289200,217260,2025-07-20 11:15:08
A5289200,204139,2025-07-20 11:22:07
A5289200,195412,2025-07-20 12:19:38
A5289200,210928,2025-07-20 12:19:38
A5289200,196561,2025-07-20 12:44:04
A5289200,210929,2025-07-20 12:44:04
A5289200,192005,2025-07-20 13:11:06
A5289200,195387,2025-07-20 13:22:57
A5289200,195385,2025-07-20 13:55:10
A5289200,189015,2025-07-20 14:02:23
A5289200,192848,2025-07-20 14:19:38
A5289200,195231,2025-07-20 15:09:03
A5289200,195384,2025-07-20 15:23:09
A5289200,192433,2025-07-20 15:34:09
A5289200,195406,2025-07-20 15:41:28
A5289200,195408,2025-07-20 15:45:27
A5289200,192545,2025-07-20 16:00:38
A5289200,192546,2025-07-20 16:07:44
A5289200,196562,2025-07-20 16:29:34
A5289200,213234,2025-07-20 16:29:34
A5289200,217261,2025-07-20 16:29:34
A5289200,204140,2025-07-20 16:36:52
A5289200,213749,2025-07-20 16:48:03
A5289200,263382,2025-07-20 17:14:28
A5289200,263525,2025-07-20 17:33:45
A5289200,145659,2025-07-20 17:45:34
A5289200,146372,2025-07-20 17:55:43
A5289200,182963,2025-07-20 18:01:23
A5289200,192545,2025-07-20 18:08:18
A5289200,192546,2025-07-20 18:23:00
A5289200,196562,2025-07-20 20:15:15
A5289200,213234,2025-07-20 20:15:15
A5289200,217261,2025-07-20 20:15:15
A5289200,204140,2025-07-20 20:22:10
A5289200,213749,2025-07-20 20:29:43
A5289200,202082,2025-07-20 20:54:24
A5289200,192428,2025-07-20 21:36:18
A5289200,217132,2025-07-20 21:36:18
A5289200,217262,2025-07-20 21:36:18
A5289200,204141,2025-07-20 21:43:57
A5289200,210930,2025-07-20 22:02:03
A5289200,195413,2025-07-20 22:02:04
A5289200,196563,2025-07-20 22:19:20
A5289200,210931,2025-07-20 22:19:20
A5289200,192006,2025-07-20 22:36:19
A5289200,195388,2025-07-20 22:59:28
A5289200,195386,2025-07-20 23:28:39
A5289200,212472,2025-07-20 23:46:47
A5289200,192432,2025-07-21 00:27:45
A5289200,205880,2025-07-21 00:27:45
A5289200,205881,2025-07-21 00:27:45
A5289200,205882,2025-07-21 00:27:45
A5289200,205883,2025-07-21 00:27:45
A5289200,205884,2025-07-21 00:27:51
A5289200,189016,2025-07-21 00:31:11
A5289200,192972,2025-07-21 00:31:39
A5289200,198979,2025-07-21 00:46:21
A5289200,250914,2025-07-21 08:47:05
A5289200,211292,2025-07-21 08:59:36
A5289200,251250,2025-07-21 08:59:36
A5289200,214155,2025-07-21 09:40:04
A5289200,256934,2025-07-21 09:40:04
A5289200,146197,2025-07-21 10:18:06
A5289200,195424,2025-07-21 10:18:06
A5289200,195425,2025-07-21 10:18:06
A5289200,195426,2025-07-21 10:18:06
A5289200,189007,2025-07-21 10:24:40
A5289200,265387,2025-07-21 10:25:28
A5289200,265056,2025-07-21 11:19:28
A5289200,201500,2025-07-21 17:28:12
A5289200,201264,2025-07-21 18:03:51
A5289200,201501,2025-07-21 20:01:32
A5289200,201095,2025-07-21 20:15:29
A5289200,144069,2025-07-21 20:35:10
A5289200,144070,2025-07-21 20:40:23
A5289200,180288,2025-07-22 21:40:15
A5289200,192526,2025-07-22 21:44:43
A5289200,241559,2025-07-22 22:04:01
A5289200,144812,2025-07-22 22:21:50
A5289200,209698,2025-07-22 22:21:50
A5289200,212142,2025-07-22 22:21:50
A5289200,212143,2025-07-22 22:21:50
A5289200,243694,2025-07-22 22:21:50
A5289200,199373,2025-07-22 22:34:43
A5289200,199374,2025-07-22 23:42:26
A5289200,224268,2025-07-22 23:42:26
A5289200,224457,2025-07-22 23:42:26
A5289200,143900,2025-07-23 00:04:41
A5289200,198611,2025-07-23 00:04:41
A5289200,198724,2025-07-23 03:05:04
A5289200,198777,2025-07-23 04:50:02
A5289200,198781,2025-07-23 04:50:02
A5289200,213666,2025-07-23 04:50:02
A5289200,224458,2025-07-23 04:50:02
A5289200,213202,2025-07-23 04:57:01
A5289200,213616,2025-07-23 05:01:13
A5289200,266229,2025-07-23 05:20:57
A5289200,198773,2025-07-23 06:09:20
A5289200,198745,2025-07-23 06:22:01
A5289200,198774,2025-07-23 07:21:13
A5289200,146372,2025-07-23 07:27:16
A5289200,146373,2025-07-23 10:22:27
A5289200,199373,2025-07-23 10:40:17
A5289200,199374,2025-07-23 11:30:24
A5289200,224268,2025-07-23 11:30:24
A5289200,224457,2025-07-23 11:30:24
A5289200,143900,2025-07-23 12:09:55
A5289200,198611,2025-07-23 12:09:55
A5289200,198724,2025-07-23 12:23:27
A5289200,198777,2025-07-23 12:44:02
A5289200,198781,2025-07-23 12:44:02
A5289200,213666,2025-07-23 12:44:02
A5289200,224458,2025-07-23 12:44:02
A5289200,213202,2025-07-23 12:51:22
A5289200,213616,2025-07-23 12:56:01
A5289200,224269,2025-07-23 12:56:01
A5289200,236723,2025-07-23 13:26:45
A5289200,239972,2025-07-23 14:03:20
A5289200,248962,2025-07-23 14:14:36
A5289200,240454,2025-07-23 19:25:36
A5289200,249454,2025-07-23 20:07:29
A5289200,146197,2025-07-23 20:21:56
A5289200,214155,2025-07-23 20:21:56
A5289200,228293,2025-07-23 20:21:56
A5289200,256934,2025-07-23 20:21:56
A5289200,228868,2025-07-23 23:31:15
A5289200,249455,2025-07-24 00:03:38
A5289200,239976,2025-07-24 04:05:33
A5289200,217264,2025-07-24 04:33:30
A5289200,249267,2025-07-24 04:33:30
A5289200,217133,2025-07-24 04:33:31
A5289200,146197,2025-07-24 04:45:59
A5289200,199976,2025-07-24 04:45:59
A5289200,206460,2025-07-24 04:45:59
A5289200,214155,2025-07-24 04:45:59
A5289200,224520,2025-07-24 04:45:59
A5289200,256934,2025-07-24 04:45:59
A5289200,199977,2025-07-24 05:48:47
A5289200,199978,2025-07-24 06:01:31
A5289200,199979,2025-07-24 06:18:54
A5289200,199980,2025-07-24 06:19:03
A5289200,201217,2025-07-24 08:37:39
A5289200,201851,2025-07-24 09:04:27
A5289200,145511,2025-07-24 09:18:22
A5289200,213733,2025-07-24 09:18:23
A5289200,145451,2025-07-24 09:31:09
A5289200,145512,2025-07-24 09:49:40
A5289200,213734,2025-07-24 09:49:40
A5289200,145452,2025-07-24 10:02:17
A5289200,144204,2025-07-24 10:36:10
A5289200,176865,2025-07-24 11:03:11
A5289200,196844,2025-07-24 11:03:11
A5289200,219624,2025-07-24 11:03:11
A5289200,212144,2025-07-24 11:03:12
A5289200,212145,2025-07-24 11:03:12
A5289200,243695,2025-07-24 11:03:12
A5289200,176980,2025-07-24 11:09:53
A5289200,197141,2025-07-24 11:18:28
A5289200,196822,2025-07-24 11:52:11
A5289200,198783,2025-07-24 11:52:11
A5289200,197142,2025-07-24 12:01:55
A5289200,224459,2025-07-24 12:01:55
A5289200,224270,2025-07-24 12:01:56
A5289200,176866,2025-07-24 13:12:56
A5289200,198782,2025-07-24 13:12:56
A5289200,211888,2025-07-24 13:12:56
A5289200,224460,2025-07-24 13:12:56
A5289200,212749,2025-07-24 13:19:38
A5289200,211978,2025-07-24 13:44:33
A5289200,198744,2025-07-24 14:06:47
A5289200,198747,2025-07-24 14:16:46
A5289200,198776,2025-07-24 14:48:15
A5289200,146372,2025-07-24 15:04:07
A5289200,146373,2025-07-24 15:12:39
A5289200,197141,2025-07-24 15:21:24
A5289200,196822,2025-07-24 15:56:26
A5289200,198783,2025-07-24 15:56:26
A5289200,197142,2025-07-24 16:04:53
A5289200,224270,2025-07-24 16:04:53
A5289200,224459,2025-07-24 16:04:53
A5289200,176866,2025-07-24 23:52:17
A5289200,198782,2025-07-24 23:52:17
A5289200,211888,2025-07-24 23:52:17
A5289200,224460,2025-07-24 23:52:17
A5289200,212749,2025-07-24 23:59:34
A5289200,211978,2025-07-25 00:06:05
A5289200,224271,2025-07-25 00:06:06
A5289200,243349,2025-07-25 01:20:55
A5289200,258367,2025-07-25 01:31:27
A5289200,217134,2025-07-25 01:52:54
A5289200,217266,2025-07-25 01:52:54
A5289200,261327,2025-07-25 01:52:54
A5289200,224518,2025-07-25 02:01:08
A5289200,228845,2025-07-25 02:01:08
A5289200,214155,2025-07-25 02:07:13
A5289200,245245,2025-07-25 02:07:13
A5289200,146197,2025-07-25 02:07:14
A5289200,205867,2025-07-25 02:07:14
A5289200,256934,2025-07-25 02:07:14
A5289200,205868,2025-07-25 03:01:24
A5289200,205869,2025-07-25 03:15:26
A5289200,205870,2025-07-25 03:43:32
A5289200,233240,2025-07-25 03:44:52
A5289200,205871,2025-07-25 03:44:59
A5289200,144188,2025-07-25 03:52:01
A5289200,261115,2025-07-26 00:45:59
A5289200,250583,2025-07-26 01:14:17
A5289200,245660,2025-07-26 02:01:03
A5289200,201097,2025-07-26 04:41:54
A5289200,228433,2025-07-26 04:41:54
A5289200,245371,2025-07-26 19:46:42
A5289200,245266,2025-07-26 19:59:50
A5289200,170695,2025-07-26 20:11:05
A5289200,178896,2025-07-26 20:18:01
A5289200,239450,2025-07-26 20:46:32
A5289200,234665,2025-07-26 21:07:31
A5289200,255675,2025-07-27 00:13:33
A5289200,234664,2025-07-27 00:39:46
A5289200,218128,2025-07-27 00:57:22
A5289200,144161,2025-07-27 01:05:26
A5289200,180700,2025-07-27 01:21:18
A5289200,234668,2025-07-27 12:48:54
A5289200,209357,2025-07-27 16:22:45
A5289200,180755,2025-07-27 16:35:59
A5289200,180761,2025-07-27 17:17:59
A5289200,180702,2025-07-27 17:29:08
A5289200,234673,2025-07-27 17:39:31
A5289200,180687,2025-07-27 17:45:32
A5289200,180723,2025-07-27 18:35:13
A5289200,180724,2025-07-27 18:45:39
A5289200,224272,2025-07-27 18:45:39
A5289200,224461,2025-07-27 18:45:39
A5289200,204091,2025-07-27 19:17:32
A5289200,180443,2025-07-27 19:46:30
A5289200,217267,2025-07-27 19:46:30
A5289200,224462,2025-07-27 19:46:30
A5289200,204142,2025-07-27 19:51:28
A5289200,204320,2025-07-27 20:50:29
A5289200,263382,2025-07-27 21:20:40
A5289200,263525,2025-07-27 21:40:21
A5289200,145659,2025-07-27 21:51:04
A5289200,146372,2025-07-27 21:57:05
A5289200,182963,2025-07-27 22:01:12
A5289200,180723,2025-07-27 22:09:29
A5289200,180724,2025-07-27 22:20:40
A5289200,224272,2025-07-27 22:20:40
A5289200,224461,2025-07-27 22:20:40
A5289200,204091,2025-07-27 23:23:38
A5289200,180443,2025-07-27 23:50:19
A5289200,217267,2025-07-27 23:50:19
A5289200,224462,2025-07-27 23:50:19
A5289200,204142,2025-07-27 23:56:43
A5289200,204320,2025-07-28 03:59:23
A5289200,263382,2025-07-28 05:26:47
A5289200,263525,2025-07-28 05:47:19
A5289200,145659,2025-07-28 05:57:12
A5289200,146372,2025-07-28 06:03:31
A5289200,182963,2025-07-28 06:07:26
A5289200,180723,2025-07-28 06:32:00
A5289200,180724,2025-07-28 06:57:10
A5289200,224272,2025-07-28 06:57:10
A5289200,224461,2025-07-28 06:57:10
A5289200,204091,2025-07-28 07:15:40
A5289200,180443,2025-07-28 07:51:57
A5289200,217267,2025-07-28 07:51:57
A5289200,224462,2025-07-28 07:51:57
A5289200,204142,2025-07-28 07:57:09
A5289200,204320,2025-07-28 08:04:46
A5289200,224273,2025-07-28 08:04:46
A5289200,180794,2025-07-28 08:41:13
A5289200,231616,2025-07-28 08:47:55
A5289200,210936,2025-07-28 09:00:37
A5289200,192004,2025-07-28 09:22:22
A5289200,234670,2025-07-28 09:41:09
A5289200,180754,2025-07-28 09:53:32
A5289200,180759,2025-07-28 10:22:37
A5289200,180701,2025-07-28 10:38:43
A5289200,234672,2025-07-28 10:50:56
A5289200,180686,2025-07-28 10:57:08
A5289200,180721,2025-07-28 11:18:49
A5289200,180722,2025-07-28 11:27:47
A5289200,204095,2025-07-28 12:11:51
A5289200,180442,2025-07-28 12:40:00
A5289200,217268,2025-07-28 12:40:00
A5289200,204148,2025-07-28 12:45:46
A5289200,204324,2025-07-28 16:42:24
A5289200,263382,2025-07-28 17:18:43
A5289200,263525,2025-07-28 17:38:26
A5289200,145659,2025-07-28 17:50:46
A5289200,146372,2025-07-28 17:56:52
A5289200,182963,2025-07-28 18:00:38
A5289200,180721,2025-07-28 18:15:25
A5289200,180722,2025-07-28 18:22:10
A5289200,204095,2025-07-28 22:05:55
A5289200,180442,2025-07-28 22:12:33
A5289200,217268,2025-07-28 22:12:33
A5289200,204148,2025-07-28 22:17:56
A5289200,204324,2025-07-28 22:25:52
A5289200,180793,2025-07-28 22:50:29
A5289200,231617,2025-07-28 22:56:33
A5289200,210937,2025-07-28 23:10:39
A5289200,192003,2025-07-28 23:38:12
A5289200,234669,2025-07-29 00:21:57
A5289200,144165,2025-07-29 00:25:55
A5289200,251464,2025-07-29 03:07:49
A5289200,251548,2025-07-29 03:22:29
A5289200,251465,2025-07-29 04:01:57
A5289200,251549,2025-07-29 04:11:31
A5289200,251466,2025-07-29 04:46:54
A5289200,251550,2025-07-29 04:55:52
A5289200,198845,2025-07-29 05:31:08
A5289200,178985,2025-07-29 05:45:36
A5289200,179201,2025-07-29 05:45:36
A5289200,199749,2025-07-29 06:59:07
A5289200,189156,2025-07-29 06:59:34
A5289200,234666,2025-07-29 07:21:20
A5289200,197489,2025-07-29 08:55:30
A5289200,199290,2025-07-29 21:30:21
A5289200,209779,2025-07-29 21:30:21
A5289200,216071,2025-07-29 21:30:21
A5289200,209780,2025-07-29 22:27:17
A5289200,209781,2025-07-29 22:46:27
A5289200,209782,2025-07-29 23:07:44
A5289200,233240,2025-07-29 23:10:48
A5289200,209783,2025-07-29 23:10:55
A5289200,146328,2025-07-30 00:24:12
A5289200,182920,2025-07-30 00:30:27
A5289200,216069,2025-07-30 23:08:19
A5289200,243323,2025-07-30 23:08:19
A5289200,242467,2025-07-30 23:24:56
A5289200,213951,2025-07-31 17:38:33
A5289200,216070,2025-07-31 17:38:33
A5289200,201102,2025-07-31 18:28:18
A5289200,242641,2025-07-31 18:57:28
A5289200,236731,2025-07-31 19:33:24
A5289200,205272,2025-07-31 19:51:47
A5289200,253279,2025-07-31 19:51:47
A5289200,189008,2025-07-31 20:12:40
A5289200,234667,2025-07-31 20:32:05
A5289200,177445,2025-07-31 20:56:00
A5289200,194296,2025-07-31 21:39:18
A5289200,194297,2025-07-31 22:22:28
A5289200,183375,2025-07-31 23:10:05
A5289200,184142,2025-07-31 23:21:37
A5289200,209699,2025-07-31 23:21:37
A5289200,212146,2025-07-31 23:21:37
A5289200,243696,2025-07-31 23:21:37
A5289200,212147,2025-07-31 23:21:38
A5289200,177401,2025-07-31 23:29:40
A5289200,183845,2025-07-31 23:29:40
A5289200,183447,2025-08-01 00:12:24
A5289200,183846,2025-08-01 00:40:38
A5289200,186303,2025-08-01 00:40:38
A5289200,144082,2025-08-01 00:46:35
A5289200,177402,2025-08-01 00:54:07
A5289200,224274,2025-08-01 00:54:07
A5289200,224463,2025-08-01 00:54:07
A5289200,143585,2025-08-01 06:56:50
A5289200,206989,2025-08-01 06:56:50
A5289200,224464,2025-08-01 06:56:50
A5289200,257029,2025-08-01 06:56:50
A5289200,204087,2025-08-01 07:03:30
A5289200,257038,2025-08-01 07:15:07
A5289200,262873,2025-08-01 07:30:09
A5289200,262714,2025-08-01 07:41:53
A5289200,264315,2025-08-01 07:58:29
A5289200,177401,2025-08-01 08:26:02
A5289200,183845,2025-08-01 08:26:02
A5289200,183447,2025-08-01 08:56:21
A5289200,183846,2025-08-01 09:12:36
A5289200,186303,2025-08-01 09:12:36
A5289200,144082,2025-08-01 09:19:07
A5289200,177402,2025-08-01 09:30:02
A5289200,224274,2025-08-01 09:30:02
A5289200,224463,2025-08-01 09:30:02
A5289200,143585,2025-08-01 12:05:16
A5289200,206989,2025-08-01 12:05:16
A5289200,224464,2025-08-01 12:05:16
A5289200,257029,2025-08-01 12:05:16
A5289200,204087,2025-08-01 12:18:23
A5289200,224275,2025-08-01 12:27:34
A5289200,257038,2025-08-01 12:27:34
A5289200,226748,2025-08-01 13:48:38
A5289200,145049,2025-08-01 14:01:30
A5289200,261480,2025-08-01 14:11:24
A5289200,251263,2025-08-01 14:55:20
A5289200,250136,2025-08-01 15:11:40
A5289200,254145,2025-08-01 19:47:30
A5289200,217138,2025-08-01 19:47:31
A5289200,217536,2025-08-01 19:47:31
A5289200,143802,2025-08-01 20:56:39
A5289200,211749,2025-08-01 20:56:39
A5289200,228474,2025-08-01 20:56:39
A5289200,143803,2025-08-01 23:05:38
A5289200,143804,2025-08-01 23:30:07
A5289200,143805,2025-08-01 23:45:02
A5289200,233240,2025-08-02 01:00:47
A5289200,231190,2025-08-02 01:01:08
A5289200,189009,2025-08-02 01:07:02
A5289200,207026,2025-08-02 01:49:15
A5289200,260132,2025-08-02 02:07:46
A5289200,215820,2025-08-02 10:43:24
A5289200,189011,2025-08-02 10:50:08
A5289200,260133,2025-08-02 11:06:29
A5289200,211035,2025-08-02 11:26:41
A5289200,179282,2025-08-02 12:01:47
A5289200,180594,2025-08-02 12:19:39
A5289200,181212,2025-08-02 12:19:39
A5289200,207028,2025-08-02 13:13:44
A5289200,179283,2025-08-02 13:43:29
A5289200,238213,2025-08-02 14:02:00
A5289200,215717,2025-08-02 14:12:02
A5289200,179851,2025-08-02 17:32:08
A5289200,179284,2025-08-02 17:46:55
A5289200,214155,2025-08-02 17:46:55
A5289200,256934,2025-08-02 17:46:55
A5289200,146197,2025-08-02 17:46:56
A5289200,211036,2025-08-02 17:59:59
A5289200,179285,2025-08-02 18:42:21
A5289200,251953,2025-08-02 18:54:32
A5289200,180595,2025-08-02 19:03:10
A5289200,181213,2025-08-02 19:03:11
A5289200,207029,2025-08-02 20:59:28
A5289200,179286,2025-08-02 21:15:39
A5289200,262002,2025-08-02 21:37:35
A5289200,215718,2025-08-02 21:52:33
A5289200,179852,2025-08-02 22:12:36
A5289200,146197,2025-08-02 22:27:59
A5289200,179287,2025-08-02 22:27:59
A5289200,214155,2025-08-02 22:27:59
A5289200,256934,2025-08-02 22:27:59
A5289200,179302,2025-08-02 22:40:03
A5289200,216292,2025-08-02 23:02:19
A5289200,189012,2025-08-02 23:05:48
A5289200,248212,2025-08-03 01:14:15
A5289200,215719,2025-08-03 01:23:08
A5289200,179854,2025-08-03 01:41:42
A5289200,146197,2025-08-03 01:59:07
A5289200,179275,2025-08-03 01:59:07
A5289200,214155,2025-08-03 01:59:07
A5289200,256934,2025-08-03 01:59:07
A5289200,184679,2025-08-03 04:10:10
A5289200,254344,2025-08-03 04:10:10
A5289200,202211,2025-08-03 04:10:11
A5289200,250311,2025-08-03 05:02:44
A5289200,204915,2025-08-03 05:52:18
A5289200,202212,2025-08-03 06:09:19
A5289200,204916,2025-08-03 06:09:19
A5289200,183419,2025-08-03 06:17:51
A5289200,183420,2025-08-03 06:17:51
A5289200,247706,2025-08-03 06:17:51
A5289200,189013,2025-08-03 06:21:33
A5289200,183642,2025-08-03 06:36:23
A5289200,201135,2025-08-03 06:36:23
A5289200,241230,2025-08-03 06:37:41
A5289200,219415,2025-08-03 16:30:19
A5289200,202213,2025-08-03 16:42:08
A5289200,255674,2025-08-03 16:42:08
A5289200,246010,2025-08-03 17:30:18
A5289200,202214,2025-08-03 17:30:19
A5289200,215720,2025-08-03 17:40:29
A5289200,240382,2025-08-03 17:58:40
A5289200,219416,2025-08-03 18:25:27
A5289200,146197,2025-08-03 18:53:14
A5289200,214155,2025-08-03 18:53:14
A5289200,232489,2025-08-03 18:53:14
A5289200,256934,2025-08-03 18:53:14
A5289200,143806,2025-08-03 20:18:52
A5289200,254144,2025-08-03 20:18:52
A5289200,143807,2025-08-03 21:31:45
A5289200,143808,2025-08-03 21:48:55
A5289200,143809,2025-08-03 22:24:32
A5289200,143807,2025-08-03 23:11:57
A5289200,143808,2025-08-03 23:24:42
A5289200,143809,2025-08-03 23:53:07
A5289200,180385,2025-08-04 00:02:05
A5289200,231191,2025-08-04 00:02:41
A5289200,189014,2025-08-04 00:08:16
A5289200,179551,2025-08-04 00:19:55
A5289200,180303,2025-08-04 00:34:41
A5289200,145052,2025-08-04 00:50:43
A5289200,208662,2025-08-04 00:50:43
A5289200,145037,2025-08-04 01:02:10
A5289200,208663,2025-08-04 01:02:10
A5289200,236020,2025-08-04 01:10:41
A5289200,236021,2025-08-04 10:37:49
A5289200,210654,2025-08-04 10:46:37
A5289200,210656,2025-08-04 11:00:26
A5289200,144185,2025-08-04 15:23:07
A5289200,210621,2025-08-04 15:23:07
A5289200,257023,2025-08-04 15:23:07
A5289200,210623,2025-08-04 15:30:48
A5289200,210637,2025-08-04 15:42:24
A5289200,263383,2025-08-04 16:18:09
A5289200,263326,2025-08-04 16:42:33
A5289200,146372,2025-08-04 16:48:44
A5289200,182963,2025-08-04 16:54:36
A5289200,210654,2025-08-04 17:06:34
A5289200,210656,2025-08-04 17:27:58
A5289200,144185,2025-08-05 01:01:08
A5289200,210621,2025-08-05 01:01:08
A5289200,257023,2025-08-05 01:01:08
A5289200,210623,2025-08-05 01:08:57
A5289200,210637,2025-08-05 01:12:57
A5289200,250920,2025-08-05 01:56:43
A5289200,180247,2025-08-05 02:10:51
A5289200,179406,2025-08-05 02:25:51
A5289200,217139,2025-08-05 02:25:51
A5289200,217537,2025-08-05 02:25:51
A5289200,263269,2025-08-05 02:35:19
A5289200,250940,2025-08-05 02:35:20
A5289200,261617,2025-08-05 02:56:54
A5289200,256833,2025-08-05 03:39:55
A5289200,207612,2025-08-05 03:50:23
A5289200,179407,2025-08-05 04:17:29
A5289200,261618,2025-08-05 04:53:51
A5289200,144248,2025-08-05 08:57:30
A5289200,231092,2025-08-05 11:03:11
A5289200,268450,2025-08-05 11:34:08
A5289200,268579,2025-08-06 06:38:08
A5289200,229027,2025-08-06 10:22:28
A5289200,231093,2025-08-06 10:40:49
A5289200,269328,2025-08-06 11:54:24
A5289200,246381,2025-08-06 12:34:10
A5289200,237196,2025-08-06 13:23:41
A5289200,179409,2025-08-06 13:35:22
A5289200,143814,2025-08-06 13:50:50
A5289200,179410,2025-08-06 13:50:50
A5289200,180260,2025-08-06 13:50:50
A5289200,180261,2025-08-06 13:50:50
A5289200,180862,2025-08-06 13:50:50
A5289200,180262,2025-08-07 18:08:36
A5289200,143815,2025-08-07 18:15:17
A5289200,143816,2025-08-07 18:15:17
A5289200,143817,2025-08-07 18:15:17
A5289200,143818,2025-08-07 18:15:17
A5289200,180079,2025-08-07 18:15:17
A5289200,182742,2025-08-07 18:15:17
A5289200,228863,2025-08-07 18:27:16
A5289200,230518,2025-08-07 19:15:04
A5289200,208662,2025-08-07 19:29:51
A5289200,230832,2025-08-07 19:29:51
A5289200,208663,2025-08-07 19:41:07
A5289200,244871,2025-08-07 19:41:07
A5289200,230516,2025-08-07 19:47:34
A5289200,230517,2025-08-07 19:51:50
A5289200,210655,2025-08-07 19:58:44
A5289200,210657,2025-08-07 20:07:34
A5289200,144185,2025-08-08 03:49:54
A5289200,210622,2025-08-08 03:49:54
A5289200,257024,2025-08-08 03:49:54
A5289200,256966,2025-08-08 03:56:05
A5289200,210638,2025-08-08 15:34:35
A5289200,250922,2025-08-08 18:55:32
A5289200,230873,2025-08-08 19:30:59
A5289200,248213,2025-08-08 19:40:21
A5289200,250941,2025-08-08 19:48:20
A5289200,264151,2025-08-08 19:48:20
A5289200,263098,2025-08-08 20:02:53
A5289200,229026,2025-08-08 20:34:08
A5289200,231025,2025-08-08 20:56:20
A5289200,229465,2025-08-08 20:57:29
A5289200,238691,2025-08-08 21:17:08
A5289200,238692,2025-08-08 21:48:59
A5289200,263099,2025-08-08 23:26:20
A5289200,229029,2025-08-12 16:37:42
A5289200,248214,2025-08-12 17:01:27
A5289200,247913,2025-08-12 20:33:42
A5289200,263101,2025-08-12 20:46:41
A5289200,237197,2025-08-12 21:48:31
A5289200,264174,2025-08-12 22:22:28
A5289200,146197,2025-08-12 22:45:29
A5289200,214155,2025-08-12 22:45:29
A5289200,247188,2025-08-12 22:45:29
A5289200,256934,2025-08-12 22:45:29
A5289200,179552,2025-08-12 23:05:05
A5289200,181163,2025-08-12 23:27:12
A5289200,145051,2025-08-12 23:40:00
A5289200,208664,2025-08-12 23:40:00
A5289200,145036,2025-08-12 23:53:15
A5289200,208665,2025-08-12 23:53:15
A5289200,209700,2025-08-12 23:53:15
A5289200,180080,2025-08-12 23:59:21
A5289200,145027,2025-08-13 00:03:29
A5289200,180474,2025-08-13 00:11:00
A5289200,180475,2025-08-13 00:17:40
A5289200,224276,2025-08-13 00:17:40
A5289200,224465,2025-08-13 00:17:40
A5289200,144184,2025-08-13 10:51:39
A5289200,217274,2025-08-13 10:51:39
A5289200,224466,2025-08-13 10:51:39
A5289200,234119,2025-08-13 10:51:39
A5289200,204146,2025-08-13 10:57:49
A5289200,234107,2025-08-13 11:09:05
A5289200,224277,2025-08-13 11:09:06
A5289200,204709,2025-08-13 11:45:20
A5289200,181187,2025-08-13 12:16:35
A5289200,179411,2025-08-13 12:34:32
A5289200,217140,2025-08-13 12:34:32
A5289200,217538,2025-08-13 12:34:32
A5289200,264152,2025-08-13 12:39:07
A5289200,236157,2025-08-13 12:39:08
A5289200,263103,2025-08-13 13:11:20
A5289200,144246,2025-08-13 13:11:26
A5289200,264448,2025-08-13 14:06:41
A5289200,207613,2025-08-13 14:18:47
A5289200,179412,2025-08-13 14:57:02
A5289200,262626,2025-08-13 15:33:22
A5289200,255474,2025-08-13 15:49:14
A5289200,263106,2025-08-13 15:55:05
A5289200,195250,2025-08-13 17:57:38
A5289200,237797,2025-08-13 18:07:00
A5289200,145148,2025-08-13 19:29:55
A5289200,263109,2025-08-13 20:44:17
A5289200,180463,2025-08-13 20:56:44
A5289200,143810,2025-08-13 21:28:32
A5289200,146197,2025-08-13 21:28:32
A5289200,176474,2025-08-13 21:28:32
A5289200,179414,2025-08-13 21:28:32
A5289200,182729,2025-08-13 21:28:32
A5289200,214155,2025-08-13 21:28:32
A5289200,256934,2025-08-13 21:28:32
A5289200,146197,2025-08-13 21:28:33
A5289200,214155,2025-08-13 21:28:33
A5289200,256934,2025-08-13 21:28:33
A5289200,143811,2025-08-14 00:07:29
A5289200,143812,2025-08-14 00:23:22
A5289200,143813,2025-08-14 00:59:07
A5289200,146185,2025-08-14 01:28:30
A5289200,182743,2025-08-14 01:28:30
A5289200,180407,2025-08-14 07:01:11
A5289200,187123,2025-08-14 07:01:11
A5289200,180672,2025-08-14 07:18:39
A5289200,236876,2025-08-14 07:55:06
A5289200,144300,2025-08-14 08:23:14
A5289200,213611,2025-08-14 08:33:22
A5289200,144527,2025-08-14 09:07:31
A5289200,179576,2025-08-14 12:07:43
A5289200,144522,2025-08-14 12:18:41
A5289200,144345,2025-08-15 08:54:53
A5289200,179577,2025-08-15 15:55:04
A5289200,243693,2025-08-16 03:14:46
A5289200,220418,2025-08-16 04:25:41
A5289200,243692,2025-08-16 04:25:41
A5289200,144187,2025-08-16 05:00:29
A5289200,180670,2025-08-16 05:00:29
A5289200,144237,2025-08-17 17:04:26
A5289200,210932,2025-08-17 18:14:18
A5289200,210933,2025-08-17 19:03:25
A5289200,146197,2025-08-17 19:24:12
A5289200,209701,2025-08-17 19:24:12
A5289200,214155,2025-08-17 19:24:12
A5289200,249275,2025-08-17 19:24:12
A5289200,256934,2025-08-17 19:24:12
A5289200,179783,2025-08-17 19:37:03
A5289200,179784,2025-08-17 19:43:42
A5289200,181676,2025-08-17 19:51:06
A5289200,181677,2025-08-17 20:00:38
A5289200,228847,2025-08-17 20:57:20
A5289200,153612,2025-08-17 21:14:58
A5289200,181678,2025-08-17 21:14:58
A5289200,217275,2025-08-17 21:14:58
A5289200,204476,2025-08-17 21:23:28
A5289200,228849,2025-08-17 21:48:42
A5289200,145682,2025-08-17 22:11:31
A5289200,145677,2025-08-17 22:35:53
A5289200,146372,2025-08-17 22:41:18
A5289200,146373,2025-08-17 22:45:51
A5289200,181676,2025-08-17 22:53:14
A5289200,181677,2025-08-17 23:09:16
A5289200,228847,2025-08-17 23:49:17
A5289200,153612,2025-08-17 23:56:42
A5289200,181678,2025-08-17 23:56:42
A5289200,217275,2025-08-17 23:56:42
A5289200,204476,2025-08-18 00:03:55
A5289200,228849,2025-08-18 00:08:54
A5289200,257604,2025-08-18 08:16:47
A5289200,179926,2025-08-18 08:32:12
A5289200,180650,2025-08-18 08:32:12
A5289200,180657,2025-08-18 09:04:37
A5289200,219046,2025-08-18 09:19:40
A5289200,179581,2025-08-18 09:34:35
A5289200,146197,2025-08-18 09:34:36
A5289200,214155,2025-08-18 09:34:36
A5289200,256934,2025-08-18 09:34:36
A5289200,179786,2025-08-18 09:49:18
A5289200,179787,2025-08-18 09:57:51
A5289200,181679,2025-08-18 10:09:12
A5289200,181680,2025-08-18 10:17:33
A5289200,228848,2025-08-19 05:17:43
A5289200,181681,2025-08-19 05:31:29
A5289200,217276,2025-08-19 05:31:29
A5289200,153613,2025-08-19 05:31:30
A5289200,204477,2025-08-19 05:38:29
A5289200,228850,2025-08-19 05:49:15
A5289200,145682,2025-08-19 06:16:06
A5289200,145677,2025-08-19 06:36:15
A5289200,146372,2025-08-19 06:41:26
A5289200,146373,2025-08-19 06:46:28
A5289200,181679,2025-08-19 06:59:46
A5289200,181680,2025-08-19 07:07:26
A5289200,228848,2025-08-19 07:40:54
A5289200,181681,2025-08-19 07:47:16
A5289200,217276,2025-08-19 07:47:16
A5289200,153613,2025-08-19 07:47:17
A5289200,204477,2025-08-19 07:53:44
A5289200,228850,2025-08-19 08:58:42
A5289200,257605,2025-08-19 09:29:46
A5289200,179927,2025-08-19 09:38:20
A5289200,180651,2025-08-19 09:38:20
A5289200,180658,2025-08-19 10:03:16
A5289200,219047,2025-08-19 12:43:32
A5289200,146197,2025-08-19 13:05:06
A5289200,179582,2025-08-19 13:05:06
A5289200,214155,2025-08-19 13:05:06
A5289200,256934,2025-08-19 13:05:06
A5289200,257606,2025-08-19 13:12:43
A5289200,245933,2025-08-19 13:56:13
A5289200,210934,2025-08-19 14:15:13
A5289200,211825,2025-08-19 14:15:13
A5289200,194489,2025-08-20 10:40:21
A5289200,146197,2025-08-20 13:13:48
A5289200,214155,2025-08-20 13:13:48
A5289200,239626,2025-08-20 13:13:48
A5289200,256934,2025-08-20 13:13:48
A5289200,210943,2025-08-20 15:33:54
A5289200,245935,2025-08-20 16:13:21
A5289200,179584,2025-08-20 17:41:00
A5289200,258212,2025-08-20 17:56:21
A5289200,204631,2025-08-20 19:50:49
A5289200,257607,2025-08-20 20:02:18
A5289200,162203,2025-08-20 20:16:57
A5289200,249265,2025-08-20 20:16:57
A5289200,263958,2025-08-20 20:16:57
A5289200,162204,2025-08-20 20:59:11
A5289200,162205,2025-08-20 21:13:23
A5289200,162206,2025-08-20 21:57:09
A5289200,231193,2025-08-20 21:57:25
A5289200,265241,2025-08-21 02:42:59
A5289200,241615,2025-08-21 03:13:38
A5289200,236877,2025-08-21 03:31:52
A5289200,194813,2025-08-21 03:47:50
A5289200,194713,2025-08-21 04:00:29
A5289200,230108,2025-08-21 04:18:58
A5289200,232826,2025-08-21 04:18:58
A5289200,194814,2025-08-21 04:40:46
A5289200,194714,2025-08-21 04:53:35
A5289200,194815,2025-08-21 06:23:46
A5289200,249576,2025-08-21 06:50:25
A5289200,194816,2025-08-21 07:04:00
A5289200,194715,2025-08-21 07:17:03
A5289200,194817,2025-08-21 08:47:14
A5289200,194476,2025-08-21 09:17:07
A5289200,232842,2025-08-21 09:54:36
A5289200,232739,2025-08-21 10:03:49
A5289200,241663,2025-08-21 10:16:17
A5289200,146197,2025-08-21 10:28:04
A5289200,214155,2025-08-21 10:28:04
A5289200,241614,2025-08-21 10:28:04
A5289200,256934,2025-08-21 10:28:04
A5289200,233895,2025-08-21 10:34:10
A5289200,233896,2025-08-21 10:38:17
A5289200,233391,2025-08-21 11:00:01
A5289200,233392,2025-08-21 11:11:02
A5289200,233171,2025-08-21 14:18:17
A5289200,240707,2025-08-21 14:18:17
A5289200,233573,2025-08-21 14:24:42
A5289200,241404,2025-08-21 14:46:56
A5289200,263384,2025-08-21 15:19:54
A5289200,263326,2025-08-21 15:43:59
A5289200,146372,2025-08-21 15:48:39
A5289200,182963,2025-08-21 15:54:59
A5289200,233391,2025-08-21 16:04:30
A5289200,233392,2025-08-21 16:28:27
A5289200,233171,2025-08-21 16:51:02
A5289200,240707,2025-08-21 16:51:02
A5289200,233573,2025-08-21 16:57:17
A5289200,241404,2025-08-21 17:02:05
A5289200,245934,2025-08-21 17:39:51
A5289200,266376,2025-08-21 17:49:46
A5289200,245718,2025-08-21 17:59:45
A5289200,245776,2025-08-21 20:35:59
A5289200,242076,2025-08-21 20:43:14
A5289200,262026,2025-08-21 20:53:45
A5289200,232808,2025-08-22 12:40:16
A5289200,209417,2025-08-22 12:45:19
A5289200,194483,2025-08-22 12:57:06
A5289200,175457,2025-08-22 13:23:15
A5289200,213653,2025-08-22 13:41:50
A5289200,230109,2025-08-22 15:22:06
A5289200,247701,2025-08-22 15:22:06
A5289200,249808,2025-08-22 15:41:51
A5289200,220419,2025-08-22 15:56:48
A5289200,247702,2025-08-22 15:56:48
A5289200,194477,2025-08-22 16:11:30
A5289200,210953,2025-08-22 16:45:05
A5289200,211089,2025-08-22 16:45:05
A5289200,194491,2025-08-22 20:06:16
A5289200,210952,2025-08-22 20:29:49
A5289200,146197,2025-08-22 20:44:06
A5289200,194478,2025-08-22 20:44:06
A5289200,214155,2025-08-22 20:44:06
A5289200,256934,2025-08-22 20:44:06
A5289200,207890,2025-08-22 21:02:11
A5289200,240375,2025-08-22 21:39:11
A5289200,194479,2025-08-22 22:00:10
A5289200,194465,2025-08-22 22:05:17
A5289200,194492,2025-08-23 00:38:51
A5289200,257349,2025-08-23 00:54:35
A5289200,217141,2025-08-23 00:54:36
A5289200,217539,2025-08-23 00:54:36
A5289200,220420,2025-08-23 00:54:36
A5289200,143819,2025-08-23 01:06:57
A5289200,248217,2025-08-23 01:06:57
A5289200,143820,2025-08-23 01:53:25
A5289200,143821,2025-08-23 02:07:05
A5289200,143822,2025-08-23 03:25:17
A5289200,143823,2025-08-23 03:25:40
A5289200,231197,2025-08-23 03:25:40
A5289200,253316,2025-08-23 03:36:48
A5289200,225217,2025-08-23 03:37:47
A5289200,259330,2025-08-23 03:51:08
A5289200,204131,2025-08-23 03:56:10
A5289200,241270,2025-08-23 04:32:48
A5289200,237898,2025-08-23 08:33:01
A5289200,248523,2025-08-23 09:11:15
A5289200,247679,2025-08-23 23:01:53
A5289200,180786,2025-08-23 23:01:54
A5289200,180783,2025-08-23 23:37:18
A5289200,180784,2025-08-23 23:52:48
A5289200,146197,2025-08-24 00:16:25
A5289200,180785,2025-08-24 00:16:25
A5289200,214155,2025-08-24 00:16:25
A5289200,256934,2025-08-24 00:16:25
A5289200,215934,2025-08-24 00:16:32
A5289200,218070,2025-08-24 00:16:32
A5289200,204132,2025-08-24 00:28:23
A5289200,180707,2025-08-24 16:47:32
A5289200,234869,2025-08-24 17:17:57
A5289200,258995,2025-08-24 17:45:11
A5289200,189149,2025-08-24 21:18:21
A5289200,189147,2025-08-24 21:28:38
A5289200,258997,2025-08-24 21:53:39
A5289200,223541,2025-08-24 22:06:30
A5289200,247407,2025-08-24 23:28:04
A5289200,144916,2025-08-25 00:06:39
A5289200,247700,2025-08-25 02:06:18
A5289200,189146,2025-08-25 02:13:10
A5289200,236702,2025-08-25 02:49:13
A5289200,144190,2025-08-25 02:55:07
A5289200,144506,2025-08-26 03:18:32
A5289200,179803,2025-08-26 03:32:09
A5289200,146197,2025-08-26 03:55:55
A5289200,214155,2025-08-26 03:55:55
A5289200,230191,2025-08-26 03:55:55
A5289200,256934,2025-08-26 03:55:55
A5289200,247409,2025-08-26 05:49:50
A5289200,208188,2025-08-26 06:24:18
A5289200,236703,2025-08-26 06:31:26
A5289200,202040,2025-08-26 06:40:04
A5289200,179912,2025-08-26 06:40:05
A5289200,201888,2025-08-26 07:01:59
A5289200,231198,2025-08-26 07:01:59
A5289200,231199,2025-08-26 07:01:59
A5289200,231200,2025-08-26 07:02:34
A5289200,202041,2025-08-26 07:10:00
A5289200,205600,2025-08-26 07:10:00
A5289200,261798,2025-08-26 07:45:42
A5289200,196403,2025-08-26 07:56:39
A5289200,260424,2025-08-26 08:06:36
A5289200,260801,2025-08-26 08:35:07
A5289200,194300,2025-08-26 08:55:34
A5289200,259888,2025-08-26 11:40:14
A5289200,228759,2025-08-26 12:08:03
A5289200,146197,2025-08-26 12:18:51
A5289200,179589,2025-08-26 12:18:51
A5289200,214155,2025-08-26 12:18:51
A5289200,256934,2025-08-26 12:18:51
A5289200,204125,2025-08-26 12:25:53
A5289200,234126,2025-08-26 19:50:23
A5289200,215480,2025-08-26 20:03:41
A5289200,198608,2025-08-26 20:18:26
A5289200,205080,2025-08-26 20:28:43
A5289200,205138,2025-08-26 20:28:43
A5289200,205096,2025-08-26 20:35:54
A5289200,205104,2025-08-26 20:40:00
A5289200,205646,2025-08-26 20:55:09
A5289200,224499,2025-08-26 22:15:23
A5289200,234550,2025-08-26 22:15:23
A5289200,179914,2025-08-26 22:15:24
A5289200,204467,2025-08-26 22:23:15
A5289200,234344,2025-08-26 22:40:48
A5289200,260281,2025-08-26 23:10:27
A5289200,260989,2025-08-26 23:30:47
A5289200,264443,2025-08-26 23:45:37
A5289200,249224,2025-08-26 23:49:36
A5289200,260283,2025-08-26 23:49:36
A5289200,225755,2025-08-27 00:47:35
A5289200,234146,2025-08-27 00:56:02
A5289200,146197,2025-08-27 00:56:03
A5289200,214155,2025-08-27 00:56:03
A5289200,256934,2025-08-27 00:56:03
A5289200,254137,2025-08-27 04:33:40
A5289200,255461,2025-08-27 04:33:40
A5289200,234147,2025-08-27 04:46:22
A5289200,215482,2025-08-27 08:06:59
A5289200,234128,2025-08-27 08:06:59
A5289200,199066,2025-08-27 08:18:11
A5289200,204666,2025-08-27 08:29:48
A5289200,205153,2025-08-27 08:29:48
A5289200,204668,2025-08-27 08:36:43
A5289200,204669,2025-08-27 08:42:07
A5289200,199067,2025-08-27 09:01:39
A5289200,179918,2025-08-27 19:57:43
A5289200,217298,2025-08-27 19:57:43
A5289200,235101,2025-08-27 19:57:43
A5289200,215840,2025-08-27 20:05:05
A5289200,235192,2025-08-27 20:27:25
A5289200,199064,2025-08-27 21:03:48
A5289200,199065,2025-08-27 21:21:48
A5289200,219054,2025-08-27 21:31:40
A5289200,196401,2025-08-27 21:36:54
A5289200,146373,2025-08-27 21:44:41
A5289200,199066,2025-08-27 22:04:16
A5289200,204666,2025-08-27 22:15:20
A5289200,205153,2025-08-27 22:15:20
A5289200,204668,2025-08-27 22:22:45
A5289200,204669,2025-08-27 22:27:00
A5289200,199067,2025-08-27 22:35:13
A5289200,0206,
A5289200,143786,
A5289200,143791,
A5289200,143824,
A5289200,143825,
A5289200,143826,
A5289200,144175,
A5289200,144194,
A5289200,144442,
A5289200,146197,
A5289200,156939,
A5289200,156957,
A5289200,156958,
A5289200,156959,
A5289200,156960,
A5289200,156963,
A5289200,156987,
A5289200,156988,
A5289200,156989,
A5289200,156990,
A5289200,156991,
A5289200,156996,
A5289200,157011,
A5289200,157013,
A5289200,157015,
A5289200,157023,
A5289200,157606,
A5289200,157821,
A5289200,162215,
A5289200,162844,
A5289200,162851,
A5289200,162852,
A5289200,163751,
A5289200,163752,
A5289200,167728,
A5289200,167729,
A5289200,167730,
A5289200,167731,
A5289200,167732,
A5289200,167733,
A5289200,167734,
A5289200,167735,
A5289200,167994,
A5289200,168039,
A5289200,168145,
A5289200,168146,
A5289200,168147,
A5289200,168210,
A5289200,168222,
A5289200,168225,
A5289200,168226,
A5289200,168227,
A5289200,168228,
A5289200,168231,
A5289200,168233,
A5289200,168235,
A5289200,168237,
A5289200,168239,
A5289200,168241,
A5289200,168267,
A5289200,168268,
A5289200,168296,
A5289200,168339,
A5289200,168455,
A5289200,168456,
A5289200,168457,
A5289200,168458,
A5289200,168459,
A5289200,168460,
A5289200,168495,
A5289200,168496,
A5289200,168497,
A5289200,168498,
A5289200,168499,
A5289200,168500,
A5289200,168501,
A5289200,168502,
A5289200,168503,
A5289200,168504,
A5289200,168505,
A5289200,168506,
A5289200,168507,
A5289200,168571,
A5289200,168574,
A5289200,168700,
A5289200,168701,
A5289200,168702,
A5289200,168703,
A5289200,168704,
A5289200,168705,
A5289200,168713,
A5289200,168816,
A5289200,168817,
A5289200,168818,
A5289200,168819,
A5289200,169156,
A5289200,170215,
A5289200,170269,
A5289200,170271,
A5289200,170276,
A5289200,170278,
A5289200,170280,
A5289200,170343,
A5289200,170387,
A5289200,171030,
A5289200,171037,
A5289200,171066,
A5289200,171354,
A5289200,171575,
A5289200,172736,
A5289200,173394,
A5289200,173451,
A5289200,173452,
A5289200,173453,
A5289200,173454,
A5289200,173455,
A5289200,173456,
A5289200,173457,
A5289200,173458,
A5289200,173459,
A5289200,173460,
A5289200,173461,
A5289200,173462,
A5289200,173541,
A5289200,173542,
A5289200,173543,
A5289200,173544,
A5289200,173545,
A5289200,173555,
A5289200,173709,
A5289200,173847,
A5289200,173946,
A5289200,173948,
A5289200,174696,
A5289200,174697,
A5289200,174698,
A5289200,174699,
A5289200,174700,
A5289200,174814,
A5289200,174815,
A5289200,174816,
A5289200,174817,
A5289200,174818,
A5289200,174824,
A5289200,174827,
A5289200,174829,
A5289200,174832,
A5289200,174834,
A5289200,174837,
A5289200,174871,
A5289200,174874,
A5289200,174876,
A5289200,174879,
A5289200,174881,
A5289200,174884,
A5289200,174886,
A5289200,174887,
A5289200,174888,
A5289200,174889,
A5289200,174890,
A5289200,174891,
A5289200,174892,
A5289200,174893,
A5289200,174894,
A5289200,174895,
A5289200,174901,
A5289200,174902,
A5289200,174903,
A5289200,174904,
A5289200,174905,
A5289200,174906,
A5289200,174907,
A5289200,174908,
A5289200,174909,
A5289200,174910,
A5289200,174916,
A5289200,174917,
A5289200,174918,
A5289200,174919,
A5289200,174920,
A5289200,174938,
A5289200,174939,
A5289200,174940,
A5289200,174941,
A5289200,174942,
A5289200,174943,
A5289200,174944,
A5289200,174945,
A5289200,174946,
A5289200,174947,
A5289200,174953,
A5289200,174954,
A5289200,174955,
A5289200,174956,
A5289200,174957,
A5289200,174958,
A5289200,174959,
A5289200,174960,
A5289200,174961,
A5289200,174962,
A5289200,174963,
A5289200,174964,
A5289200,174965,
A5289200,174966,
A5289200,174967,
A5289200,175389,
A5289200,175390,
A5289200,175391,
A5289200,175392,
A5289200,175397,
A5289200,175398,
A5289200,175399,
A5289200,175400,
A5289200,175661,
A5289200,175662,
A5289200,176307,
A5289200,177383,
A5289200,177384,
A5289200,177385,
A5289200,177465,
A5289200,177466,
A5289200,177469,
A5289200,177470,
A5289200,177471,
A5289200,177472,
A5289200,177473,
A5289200,177474,
A5289200,177681,
A5289200,177682,
A5289200,177683,
A5289200,178383,
A5289200,178413,
A5289200,178416,
A5289200,178877,
A5289200,178878,
A5289200,178879,
A5289200,178880,
A5289200,178881,
A5289200,178888,
A5289200,178889,
A5289200,178890,
A5289200,178891,
A5289200,178934,
A5289200,179165,
A5289200,179194,
A5289200,179196,
A5289200,179388,
A5289200,179389,
A5289200,179404,
A5289200,179418,
A5289200,179419,
A5289200,179425,
A5289200,179426,
A5289200,179427,
A5289200,179597,
A5289200,179598,
A5289200,179709,
A5289200,179710,
A5289200,179711,
A5289200,179713,
A5289200,179714,
A5289200,179715,
A5289200,179716,
A5289200,179717,
A5289200,179718,
A5289200,179732,
A5289200,179763,
A5289200,179846,
A5289200,179856,
A5289200,179915,
A5289200,179918,
A5289200,179970,
A5289200,179992,
A5289200,180100,
A5289200,180101,
A5289200,180102,
A5289200,180103,
A5289200,180218,
A5289200,180219,
A5289200,180220,
A5289200,180221,
A5289200,180222,
A5289200,180223,
A5289200,180224,
A5289200,180225,
A5289200,180268,
A5289200,180345,
A5289200,180398,
A5289200,180413,
A5289200,180414,
A5289200,180435,
A5289200,180479,
A5289200,180480,
A5289200,180481,
A5289200,180482,
A5289200,180490,
A5289200,180492,
A5289200,180590,
A5289200,180614,
A5289200,180653,
A5289200,180659,
A5289200,180660,
A5289200,180674,
A5289200,180675,
A5289200,180682,
A5289200,180696,
A5289200,180803,
A5289200,180822,
A5289200,180823,
A5289200,180824,
A5289200,180825,
A5289200,181061,
A5289200,181062,
A5289200,181063,
A5289200,181066,
A5289200,181164,
A5289200,181274,
A5289200,181275,
A5289200,181276,
A5289200,181277,
A5289200,181278,
A5289200,181286,
A5289200,181287,
A5289200,181288,
A5289200,181289,
A5289200,181290,
A5289200,181291,
A5289200,181292,
A5289200,181293,
A5289200,181294,
A5289200,181307,
A5289200,181311,
A5289200,181312,
A5289200,181313,
A5289200,181314,
A5289200,181581,
A5289200,181824,
A5289200,181825,
A5289200,181826,
A5289200,181827,
A5289200,181836,
A5289200,181837,
A5289200,181838,
A5289200,181839,
A5289200,181860,
A5289200,181861,
A5289200,181862,
A5289200,181863,
A5289200,181868,
A5289200,181869,
A5289200,181870,
A5289200,181871,
A5289200,181872,
A5289200,181873,
A5289200,181874,
A5289200,181875,
A5289200,181977,
A5289200,181978,
A5289200,181979,
A5289200,181980,
A5289200,181981,
A5289200,181982,
A5289200,181983,
A5289200,181984,
A5289200,181993,
A5289200,181994,
A5289200,181995,
A5289200,181996,
A5289200,182015,
A5289200,182159,
A5289200,182160,
A5289200,182161,
A5289200,182162,
A5289200,182163,
A5289200,182164,
A5289200,182165,
A5289200,182166,
A5289200,182167,
A5289200,182168,
A5289200,182169,
A5289200,182170,
A5289200,182620,
A5289200,182623,
A5289200,182826,
A5289200,183508,
A5289200,184053,
A5289200,184054,
A5289200,184056,
A5289200,184750,
A5289200,184974,
A5289200,186310,
A5289200,186377,
A5289200,187637,
A5289200,188540,
A5289200,188542,
A5289200,188544,
A5289200,188546,
A5289200,188548,
A5289200,188550,
A5289200,188868,
A5289200,189451,
A5289200,190766,
A5289200,193187,
A5289200,193267,
A5289200,193318,
A5289200,193322,
A5289200,193323,
A5289200,193716,
A5289200,193717,
A5289200,193718,
A5289200,193725,
A5289200,194058,
A5289200,194820,
A5289200,194821,
A5289200,194957,
A5289200,195428,
A5289200,195429,
A5289200,196432,
A5289200,196435,
A5289200,196436,
A5289200,196820,
A5289200,196896,
A5289200,197855,
A5289200,197856,
A5289200,198250,
A5289200,198420,
A5289200,198499,
A5289200,198929,
A5289200,198939,
A5289200,199376,
A5289200,199377,
A5289200,199521,
A5289200,199527,
A5289200,199528,
A5289200,201423,
A5289200,201426,
A5289200,201427,
A5289200,201456,
A5289200,201458,
A5289200,201507,
A5289200,201606,
A5289200,203404,
A5289200,203506,
A5289200,204055,
A5289200,204113,
A5289200,204114,
A5289200,204115,
A5289200,204116,
A5289200,204117,
A5289200,204118,
A5289200,204119,
A5289200,204126,
A5289200,204127,
A5289200,204129,
A5289200,204130,
A5289200,204349,
A5289200,204350,
A5289200,204351,
A5289200,204352,
A5289200,204360,
A5289200,204363,
A5289200,204364,
A5289200,204366,
A5289200,204367,
A5289200,204369,
A5289200,204370,
A5289200,204372,
A5289200,204373,
A5289200,204480,
A5289200,204481,
A5289200,204482,
A5289200,204484,
A5289200,204585,
A5289200,204606,
A5289200,204871,
A5289200,204872,
A5289200,204963,
A5289200,204964,
A5289200,204965,
A5289200,204977,
A5289200,204978,
A5289200,205115,
A5289200,205139,
A5289200,205199,
A5289200,205200,
A5289200,205221,
A5289200,205222,
A5289200,205283,
A5289200,205284,
A5289200,205285,
A5289200,205286,
A5289200,205362,
A5289200,205648,
A5289200,205771,
A5289200,206560,
A5289200,206561,
A5289200,206562,
A5289200,206603,
A5289200,206604,
A5289200,206606,
A5289200,206607,
A5289200,206608,
A5289200,206609,
A5289200,206610,
A5289200,206611,
A5289200,206612,
A5289200,206613,
A5289200,206614,
A5289200,207469,
A5289200,207470,
A5289200,207471,
A5289200,207472,
A5289200,207473,
A5289200,207474,
A5289200,207518,
A5289200,208189,
A5289200,208598,
A5289200,208599,
A5289200,208600,
A5289200,208965,
A5289200,208968,
A5289200,208969,
A5289200,208970,
A5289200,209024,
A5289200,209025,
A5289200,209026,
A5289200,209027,
A5289200,209028,
A5289200,209702,
A5289200,209704,
A5289200,209832,
A5289200,210067,
A5289200,210069,
A5289200,210070,
A5289200,210128,
A5289200,210235,
A5289200,210525,
A5289200,210526,
A5289200,211268,
A5289200,211269,
A5289200,211670,
A5289200,211732,
A5289200,211734,
A5289200,211808,
A5289200,211809,
A5289200,211810,
A5289200,211964,
A5289200,212148,
A5289200,212149,
A5289200,212150,
A5289200,212151,
A5289200,212152,
A5289200,212153,
A5289200,212154,
A5289200,212155,
A5289200,212385,
A5289200,212386,
A5289200,212722,
A5289200,212825,
A5289200,213292,
A5289200,213430,
A5289200,213431,
A5289200,213432,
A5289200,213433,
A5289200,213434,
A5289200,213435,
A5289200,213478,
A5289200,213479,
A5289200,213480,
A5289200,213481,
A5289200,213482,
A5289200,213483,
A5289200,213484,
A5289200,213485,
A5289200,213587,
A5289200,213588,
A5289200,213589,
A5289200,213764,
A5289200,214155,
A5289200,214255,
A5289200,214383,
A5289200,214386,
A5289200,214945,
A5289200,215250,
A5289200,215251,
A5289200,215840,
A5289200,216220,
A5289200,216221,
A5289200,216538,
A5289200,216674,
A5289200,216675,
A5289200,216682,
A5289200,216683,
A5289200,216684,
A5289200,216685,
A5289200,216694,
A5289200,216695,
A5289200,216696,
A5289200,216698,
A5289200,216699,
A5289200,216702,
A5289200,216703,
A5289200,216704,
A5289200,216705,
A5289200,216706,
A5289200,216707,
A5289200,216716,
A5289200,216717,
A5289200,216724,
A5289200,216725,
A5289200,216726,
A5289200,216727,
A5289200,216734,
A5289200,216735,
A5289200,216736,
A5289200,216737,
A5289200,216768,
A5289200,216769,
A5289200,216770,
A5289200,216771,
A5289200,216772,
A5289200,216773,
A5289200,216774,
A5289200,216775,
A5289200,216815,
A5289200,216817,
A5289200,216818,
A5289200,216819,
A5289200,216820,
A5289200,216821,
A5289200,216822,
A5289200,216823,
A5289200,216824,
A5289200,216848,
A5289200,216928,
A5289200,216929,
A5289200,217063,
A5289200,217146,
A5289200,217147,
A5289200,217148,
A5289200,217149,
A5289200,217150,
A5289200,217151,
A5289200,217152,
A5289200,217154,
A5289200,217222,
A5289200,217223,
A5289200,217224,
A5289200,217228,
A5289200,217229,
A5289200,217231,
A5289200,217234,
A5289200,217235,
A5289200,217236,
A5289200,217237,
A5289200,217238,
A5289200,217239,
A5289200,217240,
A5289200,217241,
A5289200,217244,
A5289200,217245,
A5289200,217246,
A5289200,217247,
A5289200,217248,
A5289200,217250,
A5289200,217277,
A5289200,217278,
A5289200,217279,
A5289200,217280,
A5289200,217281,
A5289200,217282,
A5289200,217284,
A5289200,217285,
A5289200,217286,
A5289200,217288,
A5289200,217289,
A5289200,217290,
A5289200,217291,
A5289200,217292,
A5289200,217298,
A5289200,217299,
A5289200,217300,
A5289200,217301,
A5289200,217302,
A5289200,217305,
A5289200,217306,
A5289200,217315,
A5289200,217320,
A5289200,217326,
A5289200,217329,
A5289200,217331,
A5289200,217332,
A5289200,217333,
A5289200,217335,
A5289200,217339,
A5289200,217347,
A5289200,217348,
A5289200,217349,
A5289200,217350,
A5289200,217351,
A5289200,217352,
A5289200,217407,
A5289200,217416,
A5289200,217417,
A5289200,217491,
A5289200,217512,
A5289200,217513,
A5289200,217514,
A5289200,217515,
A5289200,217516,
A5289200,217517,
A5289200,217520,
A5289200,217521,
A5289200,217525,
A5289200,217526,
A5289200,217544,
A5289200,217545,
A5289200,217546,
A5289200,217547,
A5289200,217548,
A5289200,217549,
A5289200,217550,
A5289200,217584,
A5289200,217585,
A5289200,217586,
A5289200,217587,
A5289200,217588,
A5289200,217589,
A5289200,217595,
A5289200,217596,
A5289200,217597,
A5289200,217635,
A5289200,217754,
A5289200,217756,
A5289200,217757,
A5289200,217760,
A5289200,217763,
A5289200,217765,
A5289200,217766,
A5289200,217768,
A5289200,217921,
A5289200,217934,
A5289200,218323,
A5289200,218324,
A5289200,218574,
A5289200,218575,
A5289200,218667,
A5289200,218701,
A5289200,218702,
A5289200,218769,
A5289200,218770,
A5289200,218837,
A5289200,218838,
A5289200,218845,
A5289200,218846,
A5289200,218847,
A5289200,218848,
A5289200,218887,
A5289200,218888,
A5289200,218889,
A5289200,218890,
A5289200,219035,
A5289200,219036,
A5289200,219037,
A5289200,219038,
A5289200,219039,
A5289200,219040,
A5289200,219041,
A5289200,219042,
A5289200,219043,
A5289200,219044,
A5289200,219048,
A5289200,219049,
A5289200,219051,
A5289200,219052,
A5289200,219079,
A5289200,219080,
A5289200,219143,
A5289200,219293,
A5289200,219294,
A5289200,219827,
A5289200,219829,
A5289200,219913,
A5289200,219951,
A5289200,219968,
A5289200,220258,
A5289200,220259,
A5289200,220279,
A5289200,220280,
A5289200,220351,
A5289200,220352,
A5289200,220479,
A5289200,220561,
A5289200,220666,
A5289200,220667,
A5289200,220799,
A5289200,220811,
A5289200,220938,
A5289200,221007,
A5289200,221009,
A5289200,221015,
A5289200,221050,
A5289200,221052,
A5289200,221053,
A5289200,221071,
A5289200,221072,
A5289200,221076,
A5289200,221082,
A5289200,221083,
A5289200,221451,
A5289200,221452,
A5289200,221453,
A5289200,223406,
A5289200,223407,
A5289200,224265,
A5289200,224278,
A5289200,224279,
A5289200,224324,
A5289200,224325,
A5289200,224326,
A5289200,224327,
A5289200,224328,
A5289200,224329,
A5289200,224330,
A5289200,224331,
A5289200,224332,
A5289200,224364,
A5289200,224365,
A5289200,224366,
A5289200,224367,
A5289200,224368,
A5289200,224369,
A5289200,224370,
A5289200,224371,
A5289200,224373,
A5289200,224374,
A5289200,224376,
A5289200,224377,
A5289200,224392,
A5289200,224393,
A5289200,224394,
A5289200,224395,
A5289200,224396,
A5289200,224397,
A5289200,224398,
A5289200,224399,
A5289200,224400,
A5289200,224405,
A5289200,224406,
A5289200,224407,
A5289200,224408,
A5289200,224409,
A5289200,224410,
A5289200,224411,
A5289200,224412,
A5289200,224414,
A5289200,224415,
A5289200,224416,
A5289200,224417,
A5289200,224418,
A5289200,224467,
A5289200,224468,
A5289200,224489,
A5289200,224494,
A5289200,224495,
A5289200,224599,
A5289200,225071,
A5289200,225100,
A5289200,225102,
A5289200,225187,
A5289200,225314,
A5289200,225315,
A5289200,225756,
A5289200,225757,
A5289200,225759,
A5289200,226051,
A5289200,226354,
A5289200,226445,
A5289200,227224,
A5289200,227225,
A5289200,227226,
A5289200,227227,
A5289200,227228,
A5289200,227229,
A5289200,227258,
A5289200,227259,
A5289200,227260,
A5289200,227261,
A5289200,227262,
A5289200,227263,
A5289200,227264,
A5289200,227340,
A5289200,227423,
A5289200,227424,
A5289200,227425,
A5289200,227432,
A5289200,227455,
A5289200,228196,
A5289200,228214,
A5289200,228218,
A5289200,228224,
A5289200,228225,
A5289200,228232,
A5289200,228233,
A5289200,228240,
A5289200,228241,
A5289200,228250,
A5289200,228253,
A5289200,228254,
A5289200,228320,
A5289200,228321,
A5289200,228351,
A5289200,228360,
A5289200,228371,
A5289200,228372,
A5289200,228373,
A5289200,228374,
A5289200,228436,
A5289200,228623,
A5289200,228624,
A5289200,228831,
A5289200,228832,
A5289200,228837,
A5289200,229007,
A5289200,229008,
A5289200,229009,
A5289200,229010,
A5289200,229012,
A5289200,229013,
A5289200,229014,
A5289200,229015,
A5289200,229020,
A5289200,229021,
A5289200,229022,
A5289200,229023,
A5289200,229024,
A5289200,229171,
A5289200,229172,
A5289200,229173,
A5289200,229174,
A5289200,229175,
A5289200,229176,
A5289200,229181,
A5289200,229182,
A5289200,229183,
A5289200,229184,
A5289200,229185,
A5289200,229186,
A5289200,229187,
A5289200,229188,
A5289200,229189,
A5289200,229190,
A5289200,229191,
A5289200,229192,
A5289200,229193,
A5289200,229194,
A5289200,229195,
A5289200,229196,
A5289200,229197,
A5289200,229199,
A5289200,229200,
A5289200,229201,
A5289200,229202,
A5289200,229203,
A5289200,229204,
A5289200,229205,
A5289200,229206,
A5289200,229207,
A5289200,229208,
A5289200,229209,
A5289200,229210,
A5289200,229211,
A5289200,229212,
A5289200,229213,
A5289200,229214,
A5289200,229215,
A5289200,229216,
A5289200,229259,
A5289200,229260,
A5289200,229369,
A5289200,229370,
A5289200,229410,
A5289200,229418,
A5289200,229421,
A5289200,229422,
A5289200,229725,
A5289200,229734,
A5289200,229956,
A5289200,229958,
A5289200,229959,
A5289200,229960,
A5289200,229961,
A5289200,229962,
A5289200,229963,
A5289200,229964,
A5289200,229981,
A5289200,229984,
A5289200,229990,
A5289200,229991,
A5289200,229995,
A5289200,230012,
A5289200,230014,
A5289200,230015,
A5289200,230016,
A5289200,230017,
A5289200,230018,
A5289200,230019,
A5289200,230020,
A5289200,230044,
A5289200,230045,
A5289200,230083,
A5289200,230084,
A5289200,230085,
A5289200,230110,
A5289200,230312,
A5289200,230315,
A5289200,230316,
A5289200,230582,
A5289200,230583,
A5289200,231201,
A5289200,231202,
A5289200,231203,
A5289200,231204,
A5289200,231205,
A5289200,231206,
A5289200,231207,
A5289200,231208,
A5289200,231209,
A5289200,231443,
A5289200,231524,
A5289200,231561,
A5289200,231612,
A5289200,231613,
A5289200,231614,
A5289200,231615,
A5289200,231658,
A5289200,231659,
A5289200,231660,
A5289200,231661,
A5289200,231662,
A5289200,231663,
A5289200,231664,
A5289200,231665,
A5289200,231666,
A5289200,231667,
A5289200,231672,
A5289200,231673,
A5289200,231700,
A5289200,231701,
A5289200,231702,
A5289200,231703,
A5289200,231704,
A5289200,231705,
A5289200,231706,
A5289200,231707,
A5289200,231708,
A5289200,231709,
A5289200,231710,
A5289200,231711,
A5289200,231712,
A5289200,231713,
A5289200,231714,
A5289200,231715,
A5289200,231723,
A5289200,231724,
A5289200,231725,
A5289200,231983,
A5289200,231984,
A5289200,231985,
A5289200,232247,
A5289200,232500,
A5289200,232501,
A5289200,232502,
A5289200,232649,
A5289200,232749,
A5289200,232761,
A5289200,232778,
A5289200,232779,
A5289200,232780,
A5289200,232781,
A5289200,232782,
A5289200,232783,
A5289200,232784,
A5289200,232785,
A5289200,232786,
A5289200,232787,
A5289200,232800,
A5289200,232801,
A5289200,233241,
A5289200,233242,
A5289200,234070,
A5289200,234148,
A5289200,234163,
A5289200,234195,
A5289200,234196,
A5289200,234538,
A5289200,234539,
A5289200,234540,
A5289200,234541,
A5289200,234542,
A5289200,234778,
A5289200,234805,
A5289200,234806,
A5289200,234859,
A5289200,234862,
A5289200,234863,
A5289200,234901,
A5289200,234906,
A5289200,234907,
A5289200,234920,
A5289200,234930,
A5289200,234931,
A5289200,235009,
A5289200,235015,
A5289200,235101,
A5289200,235137,
A5289200,235192,
A5289200,235351,
A5289200,235354,
A5289200,235363,
A5289200,235368,
A5289200,235482,
A5289200,235497,
A5289200,235698,
A5289200,235760,
A5289200,235797,
A5289200,235798,
A5289200,235805,
A5289200,235884,
A5289200,236026,
A5289200,236028,
A5289200,236029,
A5289200,236030,
A5289200,236031,
A5289200,236043,
A5289200,236044,
A5289200,236046,
A5289200,236047,
A5289200,236048,
A5289200,236049,
A5289200,236050,
A5289200,236307,
A5289200,236374,
A5289200,236375,
A5289200,236391,
A5289200,236392,
A5289200,236500,
A5289200,236542,
A5289200,236572,
A5289200,236704,
A5289200,236882,
A5289200,236883,
A5289200,236884,
A5289200,236885,
A5289200,236886,
A5289200,236887,
A5289200,236888,
A5289200,236889,
A5289200,236890,
A5289200,236891,
A5289200,236928,
A5289200,236929,
A5289200,236978,
A5289200,237041,
A5289200,237099,
A5289200,237140,
A5289200,237141,
A5289200,237153,
A5289200,237585,
A5289200,237662,
A5289200,237663,
A5289200,237664,
A5289200,237665,
A5289200,237668,
A5289200,237855,
A5289200,237857,
A5289200,237858,
A5289200,238048,
A5289200,238094,
A5289200,238217,
A5289200,238420,
A5289200,238421,
A5289200,238422,
A5289200,238423,
A5289200,238452,
A5289200,238453,
A5289200,238454,
A5289200,238455,
A5289200,238457,
A5289200,238458,
A5289200,238459,
A5289200,238460,
A5289200,238461,
A5289200,238462,
A5289200,238463,
A5289200,238464,
A5289200,238465,
A5289200,238466,
A5289200,238595,
A5289200,239378,
A5289200,239379,
A5289200,239482,
A5289200,239488,
A5289200,239497,
A5289200,239498,
A5289200,239641,
A5289200,240007,
A5289200,240025,
A5289200,240026,
A5289200,240230,
A5289200,240425,
A5289200,240853,
A5289200,240857,
A5289200,240858,
A5289200,240891,
A5289200,240936,
A5289200,241336,
A5289200,241509,
A5289200,241510,
A5289200,241511,
A5289200,241677,
A5289200,241678,
A5289200,241713,
A5289200,241839,
A5289200,241845,
A5289200,241846,
A5289200,241875,
A5289200,242105,
A5289200,242106,
A5289200,242107,
A5289200,242108,
A5289200,242109,
A5289200,242110,
A5289200,242603,
A5289200,242604,
A5289200,242605,
A5289200,242606,
A5289200,242607,
A5289200,242608,
A5289200,242657,
A5289200,242658,
A5289200,242659,
A5289200,242761,
A5289200,242762,
A5289200,242945,
A5289200,242953,
A5289200,242954,
A5289200,242955,
A5289200,242956,
A5289200,242962,
A5289200,242975,
A5289200,242977,
A5289200,242980,
A5289200,242982,
A5289200,243067,
A5289200,243213,
A5289200,243214,
A5289200,243215,
A5289200,243216,
A5289200,243217,
A5289200,243218,
A5289200,243219,
A5289200,243220,
A5289200,243221,
A5289200,243280,
A5289200,243281,
A5289200,243345,
A5289200,243346,
A5289200,243347,
A5289200,243348,
A5289200,243369,
A5289200,243422,
A5289200,243423,
A5289200,243424,
A5289200,243425,
A5289200,243426,
A5289200,243427,
A5289200,243428,
A5289200,243429,
A5289200,243430,
A5289200,243431,
A5289200,243432,
A5289200,243433,
A5289200,243434,
A5289200,243435,
A5289200,243436,
A5289200,243451,
A5289200,243452,
A5289200,243453,
A5289200,243454,
A5289200,243455,
A5289200,243456,
A5289200,243457,
A5289200,243458,
A5289200,243459,
A5289200,243460,
A5289200,243461,
A5289200,243462,
A5289200,243463,
A5289200,243464,
A5289200,243465,
A5289200,243466,
A5289200,243467,
A5289200,243468,
A5289200,243469,
A5289200,243470,
A5289200,243471,
A5289200,243474,
A5289200,243475,
A5289200,243476,
A5289200,243477,
A5289200,243478,
A5289200,243479,
A5289200,243480,
A5289200,243481,
A5289200,243482,
A5289200,243483,
A5289200,243484,
A5289200,243485,
A5289200,243486,
A5289200,243487,
A5289200,243498,
A5289200,243499,
A5289200,243506,
A5289200,243507,
A5289200,243508,
A5289200,243509,
A5289200,243510,
A5289200,243511,
A5289200,243547,
A5289200,243548,
A5289200,243549,
A5289200,243632,
A5289200,243653,
A5289200,243654,
A5289200,243655,
A5289200,243656,
A5289200,243657,
A5289200,243658,
A5289200,243659,
A5289200,243660,
A5289200,243661,
A5289200,243662,
A5289200,243663,
A5289200,243664,
A5289200,243697,
A5289200,243698,
A5289200,243699,
A5289200,243700,
A5289200,243704,
A5289200,243705,
A5289200,243912,
A5289200,243913,
A5289200,243914,
A5289200,243915,
A5289200,243916,
A5289200,243940,
A5289200,243941,
A5289200,243942,
A5289200,243943,
A5289200,243945,
A5289200,243946,
A5289200,243947,
A5289200,243948,
A5289200,243949,
A5289200,243950,
A5289200,243951,
A5289200,243953,
A5289200,243954,
A5289200,243955,
A5289200,243956,
A5289200,243957,
A5289200,243958,
A5289200,243959,
A5289200,243984,
A5289200,243985,
A5289200,243986,
A5289200,243987,
A5289200,243988,
A5289200,243989,
A5289200,243990,
A5289200,243992,
A5289200,243993,
A5289200,243994,
A5289200,243995,
A5289200,243996,
A5289200,244000,
A5289200,244518,
A5289200,244578,
A5289200,244579,
A5289200,244580,
A5289200,244581,
A5289200,244582,
A5289200,244583,
A5289200,244584,
A5289200,244585,
A5289200,244586,
A5289200,244589,
A5289200,244590,
A5289200,244636,
A5289200,244759,
A5289200,244760,
A5289200,244761,
A5289200,244762,
A5289200,244763,
A5289200,244764,
A5289200,244765,
A5289200,244766,
A5289200,244767,
A5289200,244768,
A5289200,244769,
A5289200,244770,
A5289200,244771,
A5289200,244772,
A5289200,244773,
A5289200,244854,
A5289200,244855,
A5289200,244856,
A5289200,244857,
A5289200,244858,
A5289200,244943,
A5289200,244944,
A5289200,244945,
A5289200,244946,
A5289200,244957,
A5289200,244996,
A5289200,244997,
A5289200,244998,
A5289200,244999,
A5289200,245000,
A5289200,245001,
A5289200,245002,
A5289200,245003,
A5289200,245004,
A5289200,245005,
A5289200,245006,
A5289200,245007,
A5289200,245008,
A5289200,245009,
A5289200,245010,
A5289200,245011,
A5289200,245012,
A5289200,245013,
A5289200,245014,
A5289200,245015,
A5289200,245016,
A5289200,245017,
A5289200,245018,
A5289200,245019,
A5289200,245020,
A5289200,245021,
A5289200,245022,
A5289200,245023,
A5289200,245024,
A5289200,245025,
A5289200,245026,
A5289200,245027,
A5289200,245028,
A5289200,245029,
A5289200,245030,
A5289200,245031,
A5289200,245040,
A5289200,245041,
A5289200,245043,
A5289200,245171,
A5289200,245172,
A5289200,245173,
A5289200,245279,
A5289200,245653,
A5289200,245720,
A5289200,245889,
A5289200,246007,
A5289200,246209,
A5289200,246210,
A5289200,246211,
A5289200,246746,
A5289200,247080,
A5289200,247354,
A5289200,247355,
A5289200,247356,
A5289200,247357,
A5289200,247358,
A5289200,247359,
A5289200,247360,
A5289200,247361,
A5289200,247362,
A5289200,247415,
A5289200,247453,
A5289200,247757,
A5289200,247841,
A5289200,247842,
A5289200,247843,
A5289200,247844,
A5289200,247845,
A5289200,247847,
A5289200,248209,
A5289200,248210,
A5289200,248219,
A5289200,248220,
A5289200,248221,
A5289200,248222,
A5289200,248223,
A5289200,248226,
A5289200,248227,
A5289200,248231,
A5289200,248232,
A5289200,248235,
A5289200,248236,
A5289200,248237,
A5289200,248238,
A5289200,248241,
A5289200,248242,
A5289200,248243,
A5289200,248244,
A5289200,248245,
A5289200,248246,
A5289200,248247,
A5289200,248248,
A5289200,248249,
A5289200,248300,
A5289200,248302,
A5289200,248304,
A5289200,248305,
A5289200,248306,
A5289200,248307,
A5289200,248308,
A5289200,248309,
A5289200,248314,
A5289200,248319,
A5289200,248320,
A5289200,248351,
A5289200,248595,
A5289200,248909,
A5289200,248916,
A5289200,249048,
A5289200,249049,
A5289200,249050,
A5289200,249051,
A5289200,249052,
A5289200,249053,
A5289200,249070,
A5289200,249155,
A5289200,249156,
A5289200,249157,
A5289200,249158,
A5289200,249165,
A5289200,249166,
A5289200,249167,
A5289200,249222,
A5289200,249250,
A5289200,249274,
A5289200,249390,
A5289200,249391,
A5289200,249392,
A5289200,249393,
A5289200,249394,
A5289200,249439,
A5289200,249442,
A5289200,249443,
A5289200,249446,
A5289200,249526,
A5289200,249553,
A5289200,249555,
A5289200,249588,
A5289200,249589,
A5289200,249597,
A5289200,249598,
A5289200,249601,
A5289200,249680,
A5289200,249995,
A5289200,249996,
A5289200,250031,
A5289200,250032,
A5289200,250058,
A5289200,250059,
A5289200,250060,
A5289200,250067,
A5289200,250166,
A5289200,250337,
A5289200,250338,
A5289200,250494,
A5289200,250585,
A5289200,250586,
A5289200,250587,
A5289200,250589,
A5289200,250757,
A5289200,250930,
A5289200,251131,
A5289200,251132,
A5289200,251278,
A5289200,251279,
A5289200,251280,
A5289200,251281,
A5289200,251289,
A5289200,251290,
A5289200,251291,
A5289200,251292,
A5289200,251293,
A5289200,251458,
A5289200,251459,
A5289200,251565,
A5289200,251569,
A5289200,251570,
A5289200,251571,
A5289200,251572,
A5289200,251573,
A5289200,251574,
A5289200,251575,
A5289200,251576,
A5289200,251577,
A5289200,251578,
A5289200,251579,
A5289200,251580,
A5289200,251775,
A5289200,251901,
A5289200,251929,
A5289200,252465,
A5289200,252616,
A5289200,252841,
A5289200,252845,
A5289200,253096,
A5289200,253099,
A5289200,253256,
A5289200,253257,
A5289200,253259,
A5289200,253260,
A5289200,254070,
A5289200,254139,
A5289200,254140,
A5289200,254141,
A5289200,254277,
A5289200,254454,
A5289200,254581,
A5289200,254582,
A5289200,254588,
A5289200,254619,
A5289200,254635,
A5289200,254891,
A5289200,254900,
A5289200,254901,
A5289200,254910,
A5289200,254999,
A5289200,255144,
A5289200,255186,
A5289200,255187,
A5289200,255195,
A5289200,255197,
A5289200,255308,
A5289200,255309,
A5289200,255320,
A5289200,255335,
A5289200,255398,
A5289200,255437,
A5289200,255438,
A5289200,255439,
A5289200,255488,
A5289200,255584,
A5289200,255591,
A5289200,255635,
A5289200,255636,
A5289200,255697,
A5289200,255698,
A5289200,255731,
A5289200,255739,
A5289200,255823,
A5289200,255824,
A5289200,255970,
A5289200,255971,
A5289200,255988,
A5289200,255989,
A5289200,255990,
A5289200,255991,
A5289200,256078,
A5289200,256175,
A5289200,256176,
A5289200,256177,
A5289200,256245,
A5289200,256246,
A5289200,256412,
A5289200,256413,
A5289200,256520,
A5289200,256523,
A5289200,256629,
A5289200,256630,
A5289200,256863,
A5289200,256872,
A5289200,256873,
A5289200,256911,
A5289200,256912,
A5289200,256913,
A5289200,256914,
A5289200,256915,
A5289200,256916,
A5289200,256917,
A5289200,256918,
A5289200,256919,
A5289200,256920,
A5289200,256921,
A5289200,256934,
A5289200,256945,
A5289200,256963,
A5289200,256964,
A5289200,257086,
A5289200,257292,
A5289200,257377,
A5289200,257378,
A5289200,257379,
A5289200,257380,
A5289200,257381,
A5289200,257413,
A5289200,257529,
A5289200,257706,
A5289200,257707,
A5289200,257708,
A5289200,257718,
A5289200,257950,
A5289200,258018,
A5289200,258120,
A5289200,258121,
A5289200,258122,
A5289200,258123,
A5289200,258222,
A5289200,258250,
A5289200,258251,
A5289200,258327,
A5289200,258360,
A5289200,258361,
A5289200,258362,
A5289200,258551,
A5289200,258770,
A5289200,258787,
A5289200,258791,
A5289200,258919,
A5289200,258920,
A5289200,258921,
A5289200,259219,
A5289200,259221,
A5289200,259433,
A5289200,259434,
A5289200,259594,
A5289200,259595,
A5289200,259780,
A5289200,259882,
A5289200,259903,
A5289200,259918,
A5289200,260041,
A5289200,260042,
A5289200,260126,
A5289200,260194,
A5289200,260212,
A5289200,260241,
A5289200,260250,
A5289200,260270,
A5289200,260282,
A5289200,260284,
A5289200,260295,
A5289200,260427,
A5289200,260428,
A5289200,260429,
A5289200,260430,
A5289200,260431,
A5289200,260462,
A5289200,260463,
A5289200,260464,
A5289200,260465,
A5289200,260466,
A5289200,260467,
A5289200,260526,
A5289200,260527,
A5289200,260535,
A5289200,260536,
A5289200,260540,
A5289200,260551,
A5289200,260682,
A5289200,260719,
A5289200,260760,
A5289200,260762,
A5289200,260803,
A5289200,260806,
A5289200,260810,
A5289200,260814,
A5289200,260817,
A5289200,260820,
A5289200,260823,
A5289200,260824,
A5289200,260825,
A5289200,260885,
A5289200,260886,
A5289200,260887,
A5289200,260888,
A5289200,260914,
A5289200,260915,
A5289200,260917,
A5289200,260988,
A5289200,261025,
A5289200,261065,
A5289200,261096,
A5289200,261097,
A5289200,261101,
A5289200,261102,
A5289200,261104,
A5289200,261105,
A5289200,261161,
A5289200,261189,
A5289200,261190,
A5289200,261191,
A5289200,261193,
A5289200,261194,
A5289200,261195,
A5289200,261196,
A5289200,261235,
A5289200,261237,
A5289200,261239,
A5289200,261241,
A5289200,261242,
A5289200,261243,
A5289200,261244,
A5289200,261262,
A5289200,261263,
A5289200,261264,
A5289200,261265,
A5289200,261266,
A5289200,261267,
A5289200,261268,
A5289200,261269,
A5289200,261270,
A5289200,261272,
A5289200,261273,
A5289200,261274,
A5289200,261275,
A5289200,261276,
A5289200,261277,
A5289200,261278,
A5289200,261279,
A5289200,261280,
A5289200,261330,
A5289200,261331,
A5289200,261332,
A5289200,261333,
A5289200,261334,
A5289200,261335,
A5289200,261336,
A5289200,261337,
A5289200,261338,
A5289200,261339,
A5289200,261340,
A5289200,261369,
A5289200,261370,
A5289200,261371,
A5289200,261392,
A5289200,261393,
A5289200,261414,
A5289200,261415,
A5289200,261451,
A5289200,261460,
A5289200,261498,
A5289200,261499,
A5289200,261500,
A5289200,261504,
A5289200,261505,
A5289200,261506,
A5289200,261507,
A5289200,261521,
A5289200,261522,
A5289200,261523,
A5289200,261524,
A5289200,261669,
A5289200,261672,
A5289200,261673,
A5289200,261674,
A5289200,261676,
A5289200,261678,
A5289200,261765,
A5289200,261767,
A5289200,261768,
A5289200,261769,
A5289200,261974,
A5289200,261975,
A5289200,261977,
A5289200,261978,
A5289200,261980,
A5289200,261981,
A5289200,261983,
A5289200,261984,
A5289200,261986,
A5289200,261987,
A5289200,262123,
A5289200,262124,
A5289200,262125,
A5289200,262126,
A5289200,262127,
A5289200,262128,
A5289200,262129,
A5289200,262279,
A5289200,262325,
A5289200,262367,
A5289200,262368,
A5289200,262372,
A5289200,262389,
A5289200,262390,
A5289200,262391,
A5289200,262398,
A5289200,262487,
A5289200,262488,
A5289200,262557,
A5289200,262606,
A5289200,262607,
A5289200,262608,
A5289200,262609,
A5289200,262610,
A5289200,262611,
A5289200,262612,
A5289200,262613,
A5289200,262614,
A5289200,262615,
A5289200,262617,
A5289200,262618,
A5289200,262619,
A5289200,262620,
A5289200,262621,
A5289200,262622,
A5289200,262623,
A5289200,262624,
A5289200,262625,
A5289200,262637,
A5289200,262648,
A5289200,262649,
A5289200,262652,
A5289200,262681,
A5289200,262682,
A5289200,262683,
A5289200,262684,
A5289200,262712,
A5289200,262755,
A5289200,262756,
A5289200,262757,
A5289200,262758,
A5289200,262759,
A5289200,262760,
A5289200,262765,
A5289200,262766,
A5289200,262872,
A5289200,262946,
A5289200,262955,
A5289200,263067,
A5289200,263079,
A5289200,263204,
A5289200,263205,
A5289200,263379,
A5289200,263380,
A5289200,263786,
A5289200,263836,
A5289200,263955,
A5289200,263956,
A5289200,263957,
A5289200,263959,
A5289200,263961,
A5289200,264019,
A5289200,264020,
A5289200,264021,
A5289200,264077,
A5289200,264078,
A5289200,264079,
A5289200,264136,
A5289200,264167,
A5289200,264168,
A5289200,264173,
A5289200,264196,
A5289200,264257,
A5289200,264444,
A5289200,264467,
A5289200,264643,
A5289200,264723,
A5289200,264757,
A5289200,264878,
A5289200,264879,
A5289200,264880,
A5289200,265058,
A5289200,265059,
A5289200,265186,
A5289200,265202,
A5289200,265203,
A5289200,265204,
A5289200,265233,
A5289200,265234,
A5289200,265235,
A5289200,265236,
A5289200,265238,
A5289200,265240,
A5289200,265273,
A5289200,265275,
A5289200,265375,
A5289200,265376,
A5289200,265377,
A5289200,265378,
A5289200,265379,
A5289200,265383,
A5289200,265707,
A5289200,265724,
A5289200,265725,
A5289200,265726,
A5289200,265727,
A5289200,265752,
A5289200,265753,
A5289200,265754,
A5289200,265756,
A5289200,265757,
A5289200,265758,
A5289200,265759,
A5289200,265760,
A5289200,265770,
A5289200,265775,
A5289200,265776,
A5289200,265812,
A5289200,265813,
A5289200,265814,
A5289200,265815,
A5289200,265978,
A5289200,265992,
A5289200,266004,
A5289200,266149,
A5289200,266150,
A5289200,266151,
A5289200,266155,
A5289200,266205,
A5289200,266207,
A5289200,266208,
A5289200,266215,
A5289200,266367,
A5289200,266448,
A5289200,266839,
A5289200,266840,
A5289200,266841,
A5289200,266845,
A5289200,266846,
A5289200,266847,
A5289200,266943,
A5289200,267014,
A5289200,267015,
A5289200,267016,
A5289200,267233,
A5289200,267234,
A5289200,267235,
A5289200,267799,
A5289200,267800,
A5289200,267801,
A5289200,267802,
A5289200,268210,
A5289200,268810,
A5289200,269218,
A5289200,269219,
A5289200,269220,
A5289200,269221,
A5289200,269222,
A5289200,269223,
A5289200,269224,
A5289200,269225,
A5289200,269226,
A5289200,269467,
A5289200,269555,
A5289200,269890,
A5289200,9799,
A5289200,9812,
A5289200,9820,
